<?xml version="1.0" encoding="utf-8"?><feed xmlns="http://www.w3.org/2005/Atom" ><generator uri="https://jekyllrb.com/" version="3.10.0">Jekyll</generator><link href="http://0.0.0.0:4000/feed.xml" rel="self" type="application/atom+xml" /><link href="http://0.0.0.0:4000/" rel="alternate" type="text/html" /><updated>2024-10-18T05:30:58-04:00</updated><id>http://0.0.0.0:4000/feed.xml</id><title type="html">Rethinking Foundations of Real-world ML</title><subtitle>A reading group exploring foundational aspects of real-world machine learning.</subtitle></feed>